Авто, Мото;
Бизнес, Финансы;
Города и Страны;
Гороскопы, Магия, Гадания;
Домашние задания;
Досуг, Развлечения;
Еда, Кулинария;
Животные, Растения;
Знакомства, Любовь, Отношения;
Искусство и Культура;
Компьютерные и Видео игры;
Компьютеры, Связь;
Красота и Здоровье;
Наука, Техника, Языки;
Образование;
Общество, Политика, СМИ;
Программирование;
Путешествия, Туризм;
Работа, Карьера;
Семья, Дом, Дети;
Спорт;
Стиль, Мода, Звезды;
Темы для взрослых;
Товары и Услуги;
Философия, Непознанное;
Фотография, Видеосъемка;
Юридическая консультация;
Юмор;
Другое;